51-4678119 Issie Scholard Pay for this period:60645.96,
68-9609244 Jed Netti Pay for this period:5452.0,
47-2771794 Galvan Solesbury Pay for this period:4953.0,
11-0469486 Reynard Lorenzin Pay for this period:7298.21,
41-5906217 Sandi Bernardinelli Pay for this period:6272.76,
62-5530062 Shelli Gosnold Pay for this period:1260.0,
87-6664864 Deonne Plane Pay for this period:1759.59,
07-3318962 Filia Cramb Pay for this period:9759.82,
80-1251478 Berni Whittam Pay for this period:1480.0,
38-2406306 Kelby Shaxby Pay for this period:4278.0,
06-4413296 Carola Doche Pay for this period:2342.16,
58-5924013 Amabel Reeks Pay for this period:5526.6,
45-9277595 Vilhelmina Cranham Pay for this period:1713.42,
04-0002399 Nicoli Allanson Pay for this period:1878.66,
06-9938086 Jeffie Steedman Pay for this period:10821.28,
86-3502566 Rosamund Ridhole Pay for this period:5012.51,
64-8475900 Dre Oylett Pay for this period:256.0,
38-0498292 Parke Novotna Pay for this period:10366.29,
27-7347997 Darda Philippsohn Pay for this period:1054.88,
17-7841952 Sophey McCrisken Pay for this period:9745.27,
38-0238479 Zacherie Crease Pay for this period:1941.44,
78-2666234 Anabella Flegg Pay for this period:1431.45,
11-2479305 Delores Pouton Pay for this period:1748.0,
64-5571074 Rochette Scorthorne Pay for this period:5164.0,
13-3301062 Davey Nelmes Pay for this period:7890.03,
06-9331330 Gerhard Lymer Pay for this period:8966.8,
62-1927856 Abagael Matuszynski Pay for this period:3417.22,
04-0559530 Pinchas Crossgrove Pay for this period:13298.22,
70-1649233 Pru Kaubisch Pay for this period:3150.63,
55-9913618 Coralyn Arundell Pay for this period:10098.45,
46-2430428 Casandra Ellis Pay for this period:11054.4,
45-1446417 Keane Bellelli Pay for this period:2747.15,
34-1470643 Carmella Viner Pay for this period:4605.36,
61-1429482 Ignacio Benoi Pay for this period:5358.0,
47-6322881 Filmore Carloni Pay for this period:744.0,
24-2489311 Worth Durdy Pay for this period:12856.39,
27-6024380 Allsun Dorre Pay for this period:970.19,
45-3983716 Emelita de Broke Pay for this period:5235.15,
51-5722021 Prissie Monaghan Pay for this period:1221.0,
19-1809045 Lizette McCarty Pay for this period:3212.0,
68-9493929 Tess Macak Pay for this period:2816.0,
19-6229104 Case Arondel Pay for this period:14312.38,
16-3431739 Araldo Glentworth Pay for this period:684.38,
41-3478571 Paco Capineer Pay for this period:6786.0,
10-3896686 Windy Everit Pay for this period:2948.0,
94-5535191 Thornton Marron Pay for this period:12223.17,
28-2776989 Richy Dumbrell Pay for this period:1064.0,
20-1635369 Tad Insko Pay for this period:12104.61,
83-0529487 Karim Bourhill Pay for this period:9041.01,
34-6810393 Rodd Knightsbridge Pay for this period:391.0,
37-3055508 Andrei Fenners Pay for this period:4071.64,
75-4213681 Allyn Rome Pay for this period:101.8,
81-1945870 Bobine Boynes Pay for this period:3593.15,
72-4004697 Lorettalorna Duchart Pay for this period:9347.24,
02-7468211 Janifer McGebenay Pay for this period:3468.0,
37-2125179 Edik Halburton Pay for this period:3617.13,
10-1307727 Norina Ruecastle Pay for this period:2752.0,
68-8031187 Joey Skillern Pay for this period:1723.2,
87-7995602 Kirsti Cornwell Pay for this period:11032.05,
96-7270096 Clarke Lilliman Pay for this period:1850.0,
64-1857388 Agathe Graham Pay for this period:4648.48,
50-9589604 Burnaby Franklyn Pay for this period:11814.15,
63-7336700 Thorpe Chateau Pay for this period:5744.2,
19-9372214 Farlee McCuis Pay for this period:8064.54,
89-7922101 Arlyn Bowley Pay for this period:1836.0,
36-5620019 Bondy Gullis Pay for this period:8288.28,
92-9969043 Davon Casillas Pay for this period:792.0,
47-2945377 Nadeen Ogelsby Pay for this period:7624.33,
56-1715158 Hulda Birchill Pay for this period:10898.47,
10-1246695 Devonne Pigot Pay for this period:4566.99,
52-1313427 Hortensia Senecaux Pay for this period:1674.0,
38-9220881 Euell Vosse Pay for this period:3298.4,
59-6837247 Olav Elphey Pay for this period:6090.12,
27-0365206 Amata Ferreo Pay for this period:13775.18,
04-3473919 Esmaria Dubery Pay for this period:2006.6,
71-2790118 Gustaf Bearsmore Pay for this period:39.0,
84-5754515 Lynnea Allston Pay for this period:2487.48,
98-3318019 Holly-anne Mullineux Pay for this period:3121.2,
00-2001443 Haskell Sanches Pay for this period:9994.78,
63-2380694 Amargo Minillo Pay for this period:8767.2,
92-4506503 Kelbee Dowears Pay for this period:5580.0,
97-0855200 Marylinda Cicero Pay for this period:0.0,
05-8195323 Leila Leavesley Pay for this period:2348.76,
35-5685721 Hamlin Cisson Pay for this period:7838.52,
85-6235634 Jsandye Dabbs Pay for this period:1683.46,
04-0735990 Zack Hughs Pay for this period:4687.84,
88-7647386 Clive Weatherill Pay for this period:5217.0,
94-1649988 Faulkner Widdison Pay for this period:7365.97,
18-7481598 Farley Schapiro Pay for this period:4463.52,
97-5480108 Sandi Spilsburie Pay for this period:8378.28,
00-3751184 Marven Chalmers Pay for this period:4743.0,
50-5110195 Olive Aimson Pay for this period:4620.0,
22-7806066 Jorrie Oaker Pay for this period:534.88,
59-2638523 Moyra Aslen Pay for this period:5354.01,
04-7726380 Lemmie Clewes Pay for this period:6121.44,
69-3382564 Christye Brimicombe Pay for this period:7291.91,
07-2336423 Bengt O'Gavin Pay for this period:4214.68,
07-8311644 Kit Bulstrode Pay for this period:9832.55,
77-0583822 Justinian Paulazzi Pay for this period:5504.0,
65-1939987 Willie Floris Pay for this period:3956.0,
